{"cameraMode":{"drawMode":0,"name":"Shaded","section":"Shading Mode"},"sceneLighting":true,"audioPlay":false,"sceneViewState":{"showFog":true,"showMaterialUpdate":false,"showSkybox":true,"showFlares":true,"showImageEffects":true,"showParticleSystems":true},"in2DMode":false,"pivot":{"x":-0.8236875534057617,"y":-11.442560195922852,"z":5.454689979553223},"rotation":{"x":0.38765913248062136,"y":-0.3169132173061371,"z":0.1439298391342163,"w":0.853568971157074},"size":16.74513053894043,"orthographic":false}