{"cameraMode":{"drawMode":0,"name":"Shaded","section":"Shading Mode"},"sceneLighting":true,"audioPlay":false,"sceneViewState":{"showFog":true,"showMaterialUpdate":false,"showSkybox":true,"showFlares":true,"showImageEffects":true,"showParticleSystems":true},"in2DMode":false,"pivot":{"x":-2.4831337928771974,"y":-4.981239318847656,"z":31.18558692932129},"rotation":{"x":0.23627735674381257,"y":-0.046626050025224689,"z":0.011349585838615895,"w":0.9705155491828919},"size":11.884153366088868,"orthographic":false}